link,nombreDownload
https://doi.org/10.1145/3460537.3460564,407
https://doi.org/10.1145/3532640.3532659,407
https://doi.org/10.1145/3559795.3559810,407
https://doi.org/10.1145/3320154.3320156,407
https://doi.org/10.1145/3559795.3559806,407
https://doi.org/10.1145/3510487.3510506,407
https://doi.org/10.1145/3532640.3532647,407
https://doi.org/10.1145/3510487.3510508,407
https://doi.org/10.1145/3320154.3320166,407
https://doi.org/10.1145/3390566.3391681,407
https://doi.org/10.1145/3376044.3376046,407
https://doi.org/10.1145/3475992.3476002,407
https://doi.org/10.1145/3475992.3476000,407
https://doi.org/10.1145/3559795.3559813,407
https://doi.org/10.1145/3532640.3532643,407
https://doi.org/10.1145/3390566.3391665,407
https://doi.org/10.1145/3320154.3320163,407
https://doi.org/10.1145/3460537.3460554,407
https://doi.org/10.1145/3376044.3376057,407
https://doi.org/10.1145/3390566.3391671,407
https://doi.org/10.1145/3475992.3475998,407
https://doi.org/10.1145/3510487.3510495,407
https://doi.org/10.1145/3532640.3532646,407
https://doi.org/10.1145/3376044.3376054,407
https://doi.org/10.1145/3559795.3559802,407
https://doi.org/10.1145/3532640.3532663,407
https://doi.org/10.1145/3390566.3391689,407
https://doi.org/10.1145/3390566.3391690,407
https://doi.org/10.1145/3460537.3460538,407
https://doi.org/10.1145/3532640.3532650,407
https://doi.org/10.1145/3320154.3320165,407
https://doi.org/10.1145/3510487.3510497,407
https://doi.org/10.1145/3460537.3460557,407
https://doi.org/10.1145/3559795.3559809,407
https://doi.org/10.1145/3301403.3301408,407
https://doi.org/10.1145/3475992.3475993,407
https://doi.org/10.1145/3510487.3510489,407
https://doi.org/10.1145/3376044.3376060,407
https://doi.org/10.1145/3376044.3376058,407
https://doi.org/10.1145/3390566.3391682,407
https://doi.org/10.1145/3475992.3475995,407
https://doi.org/10.1145/3390566.3391680,407
https://doi.org/10.1145/3510487.3510500,407
https://doi.org/10.1145/3460537.3460558,407
https://doi.org/10.1145/3390566.3391686,407
https://doi.org/10.1145/3460537.3460543,407
https://doi.org/10.1145/3559795.3559797,407
https://doi.org/10.1145/3390566.3391674,407
https://doi.org/10.1145/3460537.3460560,407
https://doi.org/10.1145/3390566.3391686,517
https://doi.org/10.1145/3327960.3332396,517
https://doi.org/10.1145/3510487.3510502,517
https://doi.org/10.1145/3532640.3532645,517
https://doi.org/10.1145/3390566.3391667,517
https://doi.org/10.1145/3460537.3460542,517
https://doi.org/10.1145/3460537.3460544,517
https://doi.org/10.1145/3376044.3376055,517
https://doi.org/10.1145/3446983.3446994,517
https://doi.org/10.1145/3510487.3510501,517
https://doi.org/10.1145/3559795.3559798,517
https://doi.org/10.1145/3460537.3460547,517
https://doi.org/10.1145/3460537.3460559,517
https://doi.org/10.1145/3390566.3391685,517
https://doi.org/10.1145/3532640.3532658,517
https://doi.org/10.1145/3460537.3460555,517
https://doi.org/10.1145/3446983.3446991,517
https://doi.org/10.1145/3532640.3532644,517
https://doi.org/10.1145/3376044.3376059,517
https://doi.org/10.1145/3475992.3475997,517
https://doi.org/10.1145/3390566.3391677,517
https://doi.org/10.1145/3532640.3532641,517
https://doi.org/10.1145/3362744.3363343,517
https://doi.org/10.1145/3532640.3532648,517
https://doi.org/10.1145/3390566.3391668,517
https://doi.org/10.1145/3510487.3510488,517
https://doi.org/10.1145/3390566.3391663,517
https://doi.org/10.1145/3320154.3320159,517
https://doi.org/10.1145/3510487.3510507,517
https://doi.org/10.1145/3446983.3446985,517
https://doi.org/10.1145/3446983.3446996,517
https://doi.org/10.1145/3390566.3391688,517
https://doi.org/10.1145/3446983.3446993,517
https://doi.org/10.1145/3376044.3376065,517
https://doi.org/10.1145/3390566.3391669,517
https://doi.org/10.1145/3376044.3376051,517
https://doi.org/10.1145/3327960.3332389,517
https://doi.org/10.1145/3384942.3406870,517
https://doi.org/10.1145/3384943.3409440,517
https://doi.org/10.1145/3327960.3332394,517
https://doi.org/10.1145/3194113.3194123,517
https://doi.org/10.1145/3390566.3391684,517
https://doi.org/10.1145/3390566.3391672,517
https://doi.org/10.1145/3376044.3376056,517
https://doi.org/10.1145/3510487.3510505,517
https://doi.org/10.1145/3390566.3391661,517
https://doi.org/10.1145/3460537.3460539,517
https://doi.org/10.1145/3384943.3409430,517
https://doi.org/10.1145/3384943.3409437,517
https://doi.org/10.1145/3510487.3510503,43
https://doi.org/10.1145/3460537.3460556,43
https://doi.org/10.1145/3460537.3460561,43
https://doi.org/10.1145/3194113.3194121,43
https://doi.org/10.1145/3297662.3365818,43
https://doi.org/10.1145/3384943.3409443,43
https://doi.org/10.1145/3424978.3425016,43
https://doi.org/10.1145/3501409.3501530,43
https://doi.org/10.1145/3384943.3409444,43
https://doi.org/10.1145/3327960.3332380,43
https://doi.org/10.1145/3446983.3446995,43
https://doi.org/10.1145/3055518.3055528,43
https://doi.org/10.1145/3494106.3528678,43
https://doi.org/10.1145/3327960.3332391,43
https://doi.org/10.1145/3327960.3332381,43
https://doi.org/10.1145/3384943.3409424,43
https://doi.org/10.1145/3384943.3409420,43
https://doi.org/10.1145/3384943.3409426,43
https://doi.org/10.1145/3362744.3363345,43
https://doi.org/10.1145/3390566.3391683,43
https://doi.org/10.1145/3457337.3457848,43
https://doi.org/10.1145/3390566.3391675,43
https://doi.org/10.1145/3327960.3332382,43
https://doi.org/10.1145/3494106.3528681,43
https://doi.org/10.1145/3423390.3426724,43
https://doi.org/10.1145/3194113.3194117,43
https://doi.org/10.1145/3460537.3460552,43
https://doi.org/10.1145/3446983.3446989,43
https://doi.org/10.1145/3532640.3532662,43
https://doi.org/10.1145/3282278.3282282,43
https://doi.org/10.1145/3538228,43
https://doi.org/10.1145/3327960.3332384,43
https://doi.org/10.1145/3510487.3510490,43
https://doi.org/10.1145/3427921.3450249,43
https://doi.org/10.1145/3436829.3436872,43
https://doi.org/10.1145/3559795.3559804,43
https://doi.org/10.1145/3460537.3460546,43
https://doi.org/10.1145/3446983.3446984,43
https://doi.org/10.1145/3532640.3532656,43
https://doi.org/10.1145/3211933.3211940,43
https://doi.org/10.1145/3301403.3301407,43
https://doi.org/10.1145/3532105.3535034,43
https://doi.org/10.1145/3559795.3559808,43
https://doi.org/10.1145/3340531.3417424,43
https://doi.org/10.1145/3457977.3460634,43
https://doi.org/10.1145/3532640.3532660,43
https://doi.org/10.1145/3460537.3460550,43
https://doi.org/10.1145/3384943.3409433,209
https://doi.org/10.1145/3494106.3528686,209
https://doi.org/10.1145/3384943.3409423,209
https://doi.org/10.1145/3205230.3205238,209
https://doi.org/10.1145/3567582,209
https://doi.org/10.1145/3211933.3211944,209
https://doi.org/10.1145/3460537.3460562,209
https://doi.org/10.1145/3376044.3376047,209
https://doi.org/10.1145/3532640.3532655,209
https://doi.org/10.1145/3376044.3376045,209
https://doi.org/10.1145/3384943.3409421,209
https://doi.org/10.1145/3327960.3332388,209
https://doi.org/10.1145/3532640.3532642,209
https://doi.org/10.1145/3211933.3211950,209
https://doi.org/10.1145/3384943.3409416,209
https://doi.org/10.1145/3211933.3211937,209
https://doi.org/10.1145/3532640.3532654,209
https://doi.org/10.1145/3559795.3559800,209
https://doi.org/10.1145/3477084.3484951,209
https://doi.org/10.1145/3494106.3528675,209
https://doi.org/10.1145/3460120.3484752,209
https://doi.org/10.1145/3301403.3301406,209
https://doi.org/10.1145/3460537.3460568,209
https://doi.org/10.1145/3460537.3460549,209
https://doi.org/10.1145/3445788,209
https://doi.org/10.1145/3475992.3476003,209
https://doi.org/10.1145/3431726,209
https://doi.org/10.1145/3430279.3430283,209
https://doi.org/10.1145/3327960.3332392,209
https://doi.org/10.1145/3211933.3211938,209
https://doi.org/10.1145/3360468.3366772,209
https://doi.org/10.1145/3475992.3476001,209
https://doi.org/10.1145/3397160,209
https://doi.org/10.1145/3211933.3211942,209
https://doi.org/10.1145/3501247.3539016,209
https://doi.org/10.1145/3305263.3305265,209
https://doi.org/10.1145/3209281.3209329,209
https://doi.org/10.1145/3366626.3368126,209
https://doi.org/10.1145/3055518.3055519,209
https://doi.org/10.1145/3446983.3446988,209
https://doi.org/10.1145/3460537.3460551,209
https://doi.org/10.1145/3322385.3322397,209
https://doi.org/10.1145/3328833.3328857,209
https://doi.org/10.1145/3434776,209
https://doi.org/10.1145/3341325.3342033,209
https://doi.org/10.1145/3531056.3542760,209
https://doi.org/10.1145/3376044.3376062,209
https://doi.org/10.1145/3531056.3542760,8
https://doi.org/10.1145/3290605.3300496,8
https://doi.org/10.1145/3531056.3531068,8
https://doi.org/10.1145/3167086,8
https://doi.org/10.1145/3316481,8
https://doi.org/10.1145/3460537.3460553,8
https://doi.org/10.1145/3377644.3377657,8
https://doi.org/10.1145/3331076.3331096,8
https://doi.org/10.1145/3472716.3472845,8
https://doi.org/10.1145/3409798,8
https://doi.org/10.1145/3184407.3184441,8
https://doi.org/10.1145/3343147.3343165,8
https://doi.org/10.1145/3093742.3097982,8
https://doi.org/10.1145/3395331,8
https://doi.org/10.1145/3387940.3392196,8
https://doi.org/10.1145/3547300,8
https://doi.org/10.1145/3407230,8
https://doi.org/10.1145/3491003.3494122,8
https://doi.org/10.1145/3284869.3284881,8
https://doi.org/10.1145/3211933.3211952,8
https://doi.org/10.1145/3532640.3532661,8
https://doi.org/10.1145/3372297.3417247,8
https://doi.org/10.1145/3318464.3380594,8
https://doi.org/10.1145/3323165.3323183,8
https://doi.org/10.1145/3559795.3559801,8
https://doi.org/10.1145/3517189,8
https://doi.org/10.1145/3404512.3404522,8
https://doi.org/10.1145/3390566.3391673,8
https://doi.org/10.1145/3376044.3376050,8
https://doi.org/10.1145/3529097,8
https://doi.org/10.1145/3005745.3005771,8
https://doi.org/10.1145/3025453.3025959,8
https://doi.org/10.1145/3286978.3286982,8
https://doi.org/10.1145/3299869.3319889,8
https://doi.org/10.1145/3410699.3413800,8
https://doi.org/10.1145/3320154.3320162,8
https://doi.org/10.1145/3383219.3383287,8
https://doi.org/10.1145/3489449.3490006,8
https://doi.org/10.1145/3424771.3424796,8
https://doi.org/10.1145/3401895.3401917,8
https://doi.org/10.1145/3502740,8
https://doi.org/10.1145/3388446,8
https://doi.org/10.1145/3007120.3007151,8
https://doi.org/10.1145/3325112.3325262,8
https://doi.org/10.1145/3511616.3513097,8
https://doi.org/10.1145/3170427.3170602,8
https://doi.org/10.1145/3511616.3513097,101
https://doi.org/10.1145/3446373,101
https://doi.org/10.1145/3461461,101
https://doi.org/10.1145/3396743.3396750,101
https://doi.org/10.1145/3462332,101
https://doi.org/10.1145/3524104,101
https://doi.org/10.1145/3167020.3167058,101
https://doi.org/10.1145/3282308.3282312,101
https://doi.org/10.1145/3460537.3460545,101
https://doi.org/10.1145/3431235.3431244,101
https://doi.org/10.1145/3440943.3444340,101
https://doi.org/10.1145/3326365.3326406,101
https://doi.org/10.1145/3459087,101
https://doi.org/10.1145/3507548.3507594,101
https://doi.org/10.1145/3297280.3297544,101
https://doi.org/10.1145/3123024.3123078,101
https://doi.org/10.1145/3512676.3512685,101
https://doi.org/10.1145/3547522.3547676,101
https://doi.org/10.1145/3411170.3411246,101
https://doi.org/10.1145/3530019.3531344,101
https://doi.org/10.1145/3412841.3441906,101
https://doi.org/10.1145/3508072.3508101,101
https://doi.org/10.1145/3465480.3466927,101
https://doi.org/10.1145/3341325.3342026,101
https://doi.org/10.1145/3473714.3473730,101
https://doi.org/10.1145/3326365.3326409,101
https://doi.org/10.1145/3374135.3385280,101
https://doi.org/10.1145/3345035.3345080,101
https://doi.org/10.1145/3366650.3366656,101
https://doi.org/10.1145/3279945.3279947,101
https://doi.org/10.1145/3152824.3152831,101
https://doi.org/10.1145/3318464.3386127,101
https://doi.org/10.1145/3502741,101
https://doi.org/10.1145/3312614.3312654,101
https://doi.org/10.1145/3372938.3372969,101
https://doi.org/10.1145/3433210.3453091,101
https://doi.org/10.1145/3173574.3174032,101
https://doi.org/10.1145/3282373.3282396,101
https://doi.org/10.1145/3318464.3384682,101
https://doi.org/10.1145/3368926.3369656,101
https://doi.org/10.1145/3360774.3360822,101
https://doi.org/10.1145/3479722.3480999,101
https://doi.org/10.1145/3402942.3402996,101
https://doi.org/10.1145/3368691.3368744,101
https://doi.org/10.1145/3371238.3371244,101
https://doi.org/10.1145/3320269.3405446,101
https://doi.org/10.1145/3371238.3371244,186
https://doi.org/10.1145/3341105.3373870,186
https://doi.org/10.1145/3411681.3411688,186
https://doi.org/10.1145/3447555.3464869,186
https://doi.org/10.1145/3371238.3371245,186
https://doi.org/10.1145/3492547.3492594,186
https://doi.org/10.1145/3383219.3383274,186
https://doi.org/10.1145/3321408.3322840,186
https://doi.org/10.1145/3313991.3313999,186
https://doi.org/10.1145/3563044,186
https://doi.org/10.1145/3454127.3457626,186
https://doi.org/10.1145/3396956.3399991,186
https://doi.org/10.1145/3284179.3284231,186
https://doi.org/10.1145/3409771,186
https://doi.org/10.1145/3120895.3120897,186
https://doi.org/10.1145/3321408.3321573,186
https://doi.org/10.1145/3331076.3331093,186
https://doi.org/10.1145/3390566.3391662,186
https://doi.org/10.1145/3341105.3374069,186
https://doi.org/10.1145/3412841.3442136,186
https://doi.org/10.1145/3412841.3442038,186
https://doi.org/10.1145/3293883.3303705,186
https://doi.org/10.1145/3473714.3473840,186
https://doi.org/10.1145/3136560.3136584,186
https://doi.org/10.1145/3387168.3387212,186
https://doi.org/10.1145/3290621.3290627,186
https://doi.org/10.1145/3393691.3394223,186
https://doi.org/10.1145/3530019.3530041,186
https://doi.org/10.1145/3243734.3243814,186
https://doi.org/10.1145/3098954.3098983,186
https://doi.org/10.1145/3333165.3333167,186
https://doi.org/10.1145/3152771.3156168,186
https://doi.org/10.1145/3371676.3371696,186
https://doi.org/10.1145/3392155,186
https://doi.org/10.1145/3410048.3410096,186
https://doi.org/10.1145/3472634.3474062,186
https://doi.org/10.1145/3374549.3374551,186
https://doi.org/10.1145/3209415.3209437,186
https://doi.org/10.1145/3407023.3409199,186
https://doi.org/10.1145/3241815.3241870,186
https://doi.org/10.1145/3498765.3498802,186
https://doi.org/10.1145/3368756.3369104,186
https://doi.org/10.1145/3442381.3449916,186
https://doi.org/10.1145/3307334.3328567,186
https://doi.org/10.1145/3518781.3519188,186
https://doi.org/10.1145/3234152.3234190,186
https://doi.org/10.1145/3492323.3503506,186
https://doi.org/10.1145/3374135.3385275,236
https://doi.org/10.1145/3492803,236
https://doi.org/10.1145/3299815.3314434,236
https://doi.org/10.1145/3409934.3409949,236
https://doi.org/10.1145/3472634.3472653,236
https://doi.org/10.1145/3477314.3507210,236
https://doi.org/10.1145/3434581.3434687,236
https://doi.org/10.1145/3427921.3450247,236
https://doi.org/10.1145/3309772.3309806,236
https://doi.org/10.1145/3366624.3368165,236
https://doi.org/10.1145/3376044.3376064,236
https://doi.org/10.1145/3531056.3542759,236
https://doi.org/10.1145/3376915,236
https://doi.org/10.1145/3412841.3441910,236
https://doi.org/10.1145/3377812.3382178,236
https://doi.org/10.1145/3477314.3507118,236
https://doi.org/10.1145/3542954.3542974,236
https://doi.org/10.1145/3409934.3409937,236
https://doi.org/10.1145/3459955.3460596,236
https://doi.org/10.1145/3401895.3401913,236
https://doi.org/10.1145/3439725,236
https://doi.org/10.1145/3531016,236
https://doi.org/10.1145/3054977.3055003,236
https://doi.org/10.1145/3343147.3343163,236
https://doi.org/10.1145/3286978.3286981,236
https://doi.org/10.1145/3341105.3374022,236
https://doi.org/10.1145/3197026.3197068,236
https://doi.org/10.1145/3442412,236
https://doi.org/10.1145/3424771.3424802,236
https://doi.org/10.1145/3377458.3377466,236
https://doi.org/10.1145/3463274.3463349,236
https://doi.org/10.1145/3309074.3309075,236
https://doi.org/10.1145/3224207.3224220,236
https://doi.org/10.1145/3239235.3240298,236
https://doi.org/10.1145/3488932.3497757,236
https://doi.org/10.1145/3338840.3355673,236
https://doi.org/10.1145/3537972.3538025,236
https://doi.org/10.1145/3418094.3418143,236
https://doi.org/10.1145/3460003,236
https://doi.org/10.1145/3542949,236
https://doi.org/10.1145/3410352.3410836,236
https://doi.org/10.1145/3376044.3376049,236
https://doi.org/10.1145/3473141.3473253,236
https://doi.org/10.1145/3292522.3326041,236
https://doi.org/10.1145/3315669,236
https://doi.org/10.1145/3055245.3055256,236
https://doi.org/10.1145/3327962.3331457,236
https://doi.org/10.1145/3487553.3524628,236
https://doi.org/10.1145/3183440.3195088,236
https://doi.org/10.1145/3481127.3481168,125
https://doi.org/10.1145/3183440.3195088,125
https://doi.org/10.1145/3316615.3316671,125
https://doi.org/10.1145/3055245.3055256,125
https://doi.org/10.1145/3404709.3404769,125
https://doi.org/10.1145/3323933.3324083,125
https://doi.org/10.1145/3287921.3287933,125
https://doi.org/10.1145/3546932.3547001,125
https://doi.org/10.1145/3360774.3360798,125
https://doi.org/10.1145/3544538.3544650,125
https://doi.org/10.1145/3362125.3362127,125
https://doi.org/10.1145/3412841.3441907,125
https://doi.org/10.1145/3321408.3326693,125
https://doi.org/10.1145/3209281.3209317,125
https://doi.org/10.1145/3508072.3508084,125
https://doi.org/10.1145/3312614.3312646,125
https://doi.org/10.1145/3542954.3542987,125
https://doi.org/10.1145/3343147.3343166,125
https://doi.org/10.1145/3412569.3412579,125
https://doi.org/10.1145/3109761.3158384,125
https://doi.org/10.1145/3284014.3284017,125
https://doi.org/10.1145/3457913.3457923,125
https://doi.org/10.1145/3411681.3411689,125
https://doi.org/10.1145/3315571,125
https://doi.org/10.1145/3450588.3450604,125
https://doi.org/10.1145/3361570.3361619,125
https://doi.org/10.1145/3477314.3507039,125
https://doi.org/10.1145/3287921.3287978,125
https://doi.org/10.1145/3448823.3448880,125
https://doi.org/10.1145/3183440.3195009,125
https://doi.org/10.1145/3321619.3321672,125
https://doi.org/10.1145/3478905.3478933,125
https://doi.org/10.1145/3309074.3309079,125
https://doi.org/10.1145/3421558.3421580,125
https://doi.org/10.1145/3414045.3415949,125
https://doi.org/10.1145/3387168.3387211,125
https://doi.org/10.1145/3377049.3377083,125
https://doi.org/10.1145/3428690.3429181,125
https://doi.org/10.1145/3489449.3489994,125
https://doi.org/10.1145/3487075.3487143,125
https://doi.org/10.1145/3508072.3508090,125
https://doi.org/10.1145/3447934.3447938,125
https://doi.org/10.1145/3508297.3508333,125
https://doi.org/10.1145/3530019.3531345,125
https://doi.org/10.1145/3291064.3291075,125
https://doi.org/10.1145/3472634.3474065,125
https://doi.org/10.1145/3320154.3320157,125
https://doi.org/10.1145/3447934.3447938,572
https://doi.org/10.1145/3320154.3320157,572
https://doi.org/10.1145/3383219.3383291,572
https://doi.org/10.1145/3508072.3508090,572
https://doi.org/10.1145/3414045.3415937,572
https://doi.org/10.1145/3484824.3484914,572
https://doi.org/10.1145/3508297.3508333,572
https://doi.org/10.1145/3505225,572
https://doi.org/10.1145/3291064.3291075,572
https://doi.org/10.1145/3472634.3474065,572
https://doi.org/10.1145/3404397.3404460,572
https://doi.org/10.1145/3371238.3371246,572
https://doi.org/10.1145/3444370.3444624,572
https://doi.org/10.1145/3469213.3470706,572
https://doi.org/10.1145/3440084.3441217,572
https://doi.org/10.1145/3340997.3341009,572
https://doi.org/10.1145/3285017.3285027,572
https://doi.org/10.1145/3373477.3373498,572
https://doi.org/10.1145/2968219.2971409,572
https://doi.org/10.1145/3312614.3312649,572
https://doi.org/10.1145/3503181.3503191,572
https://doi.org/10.1145/3444370.3444627,572
https://doi.org/10.1145/3542954.3542966,572
https://doi.org/10.1145/3339252.3339255,572
https://doi.org/10.1145/3530813,572
https://doi.org/10.1145/3503047.3503092,572
https://doi.org/10.1145/3488838.3488873,572
https://doi.org/10.1145/3485314.3485324,572
https://doi.org/10.1145/3278312.3278326,572
https://doi.org/10.1145/3503823.3503873,572
https://doi.org/10.1145/3400286.3418242,572
https://doi.org/10.1145/3317287.3319534,572
https://doi.org/10.1145/3316480.3322889,572
https://doi.org/10.1145/3326365.3326405,572
https://doi.org/10.1145/3559712.3559721,572
https://doi.org/10.1145/3409934.3409957,572
https://doi.org/10.1145/3373017.3373027,572
https://doi.org/10.1145/3350546.3352561,572
https://doi.org/10.1145/3442705.3442714,572
https://doi.org/10.1145/3241815.3241838,572
https://doi.org/10.1145/3456628,572
https://doi.org/10.1145/3433210.3437516,572
https://doi.org/10.1145/3443467.3443729,572
https://doi.org/10.1145/3456146.3456149,572
https://doi.org/10.1145/3155016.3155020,572
https://doi.org/10.1145/3487552.3487823,572
https://doi.org/10.1145/3491396.3506560,572
https://doi.org/10.1145/3170427.3188660,572
https://doi.org/10.1145/3183519.3183546,572
https://doi.org/10.1145/3414045.3415939,280
https://doi.org/10.1145/3419104,280
https://doi.org/10.1145/3456415.3457223,280
https://doi.org/10.1145/3460210.3493572,280
https://doi.org/10.1145/3125503.3125628,280
https://doi.org/10.1145/3510249.3510258,280
https://doi.org/10.1145/3335203.3335729,280
https://doi.org/10.1145/3386164.3390518,280
https://doi.org/10.1145/3433210.3437516,280
https://doi.org/10.1145/3443467.3443725,280
https://doi.org/10.1145/3448016.3457285,280
https://doi.org/10.1145/3545948.3545977,280
https://doi.org/10.1145/3205977.3205993,280
https://doi.org/10.1145/3070617.3070634,280
https://doi.org/10.1145/3365871.3365886,280
https://doi.org/10.1145/3542954.3543005,280
https://doi.org/10.1145/3140649.3140656,280
https://doi.org/10.1145/3344283,280
https://doi.org/10.1145/3291842.3291893,280
https://doi.org/10.1145/3224207.3224218,280
https://doi.org/10.1145/3444370.3444621,280
https://doi.org/10.1145/3472716.3472867,280
https://doi.org/10.1145/3055518.3055526,280
https://doi.org/10.1145/3494193.3494198,280
https://doi.org/10.1145/3126973.3126980,280
https://doi.org/10.1145/3345252.3345279,280
https://doi.org/10.1145/3397166.3412802,280
https://doi.org/10.1145/3360774.3360800,280
https://doi.org/10.1145/3366627.3368107,280
https://doi.org/10.1145/3527049.3527140,280
https://doi.org/10.1145/3538969.3538984,280
https://doi.org/10.1145/3236461.3241976,280
https://doi.org/10.1145/3225619,280
https://doi.org/10.1145/3390566.3391664,280
https://doi.org/10.1145/3520313.3534658,280
https://doi.org/10.1145/3366423.3380103,280
https://doi.org/10.1145/3538950.3538963,280
https://doi.org/10.1145/3377049.3377116,280
https://doi.org/10.1145/3371425.3371437,280
https://doi.org/10.1145/3409934.3409948,280
https://doi.org/10.1145/3463858.3463899,280
https://doi.org/10.1145/3355966.3355972,280
https://doi.org/10.1145/3445970.3451157,280
https://doi.org/10.1145/3530019.3531346,280
https://doi.org/10.1145/3132847.3133172,280
https://doi.org/10.1145/3369985.3370028,280
https://doi.org/10.1145/3433210.3460016,280
https://doi.org/10.1145/3444370.3444610,280
https://doi.org/10.1145/3491396.3506537,280
https://doi.org/10.1145/3241815.3241853,311
https://doi.org/10.1145/3384419.3430605,311
https://doi.org/10.1145/3365921.3365949,311
https://doi.org/10.1145/3537693.3537718,311
https://doi.org/10.1145/3377049.3377136,311
https://doi.org/10.1145/3539604,311
https://doi.org/10.1145/3284179.3284354,311
https://doi.org/10.1145/3498851.3498986,311
https://doi.org/10.1145/3085228.3085263,311
https://doi.org/10.1145/3360664.3360668,311
https://doi.org/10.1145/3211933.3211945,311
https://doi.org/10.1145/3488933.3489012,311
https://doi.org/10.1145/3098954.3098958,311
https://doi.org/10.1145/3412841.3441949,311
https://doi.org/10.1145/3543434.3543474,311
https://doi.org/10.1145/3386415.3386950,311
https://doi.org/10.1145/3555661.3560861,311
https://doi.org/10.1145/3444370.3444616,311
https://doi.org/10.1145/3513142.3513210,311
https://doi.org/10.1145/3538969.3544441,311
https://doi.org/10.1145/3424978.3425015,311
https://doi.org/10.1145/3491003.3494123,311
https://doi.org/10.1145/3377170.3377281,311
https://doi.org/10.1145/3377049.3377058,311
https://doi.org/10.1145/3485730.3493821,311
https://doi.org/10.1145/3366626.3368129,311
https://doi.org/10.1145/3123024.3123141,311
https://doi.org/10.1145/3292384.3292388,311
https://doi.org/10.1145/3409929.3416793,311
https://doi.org/10.1145/3418094.3418145,311
https://doi.org/10.1145/3366030.3366112,311
https://doi.org/10.1145/3508072.3508117,311
https://doi.org/10.1145/3350546.3352497,311
https://doi.org/10.1145/3425269.3425285,311
https://doi.org/10.1145/3411681.3411691,311
https://doi.org/10.1145/3365921.3365927,311
https://doi.org/10.1145/3543712.3543755,311
https://doi.org/10.1145/3018896.3018901,311
https://doi.org/10.1145/3491396.3506528,311
https://doi.org/10.1145/3411564.3411579,311
https://doi.org/10.1145/3469968.3470002,311
https://doi.org/10.1145/3442381.3449994,311
https://doi.org/10.1145/3444370.3444608,311
https://doi.org/10.1145/3529299.3531492,311
https://doi.org/10.1145/3265689.3265692,311
https://doi.org/10.1145/3518781.3519222,311
https://doi.org/10.1145/3448016.3452744,311
https://doi.org/10.1145/3489088.3489130,41
https://doi.org/10.1145/3437120.3437295,41
https://doi.org/10.1145/3349266.3351389,41
https://doi.org/10.1145/3460866.3461765,41
https://doi.org/10.1145/3326467.3326470,41
https://doi.org/10.1145/3544538.3544648,41
https://doi.org/10.1145/3357613.3357631,41
https://doi.org/10.1145/3378065.3378128,41
https://doi.org/10.1145/3508072.3508171,41
https://doi.org/10.1145/3307772.3328283,41
https://doi.org/10.1145/3422337.3450319,41
https://doi.org/10.1145/3429889.3429932,41
https://doi.org/10.1145/3289166.3289171,41
https://doi.org/10.1145/3428502.3428519,41
https://doi.org/10.1145/3371676.3371684,41
https://doi.org/10.1145/3211933.3211946,41
https://doi.org/10.1145/3501247.3539019,41
https://doi.org/10.1145/3457913.3457915,41
https://doi.org/10.1145/3397166.3412801,41
https://doi.org/10.1145/3417473.3417477,41
https://doi.org/10.1145/3343147.3343167,41
https://doi.org/10.1145/3286978.3286985,41
https://doi.org/10.1145/3389249,41
https://doi.org/10.1145/3408310,41
https://doi.org/10.1145/3148453.3306273,41
https://doi.org/10.1145/3561386,41
https://doi.org/10.1145/3397125.3397153,41
https://doi.org/10.1145/3436829.3436876,41
https://doi.org/10.1145/3412841.3442077,41
https://doi.org/10.1145/3444465.3444475,41
https://doi.org/10.1145/3366030.3366118,41
https://doi.org/10.1145/3377644.3377656,41
https://doi.org/10.1145/3449726.3459558,41
https://doi.org/10.1145/3284869.3284870,41
https://doi.org/10.1145/3491003.3491015,41
https://doi.org/10.1145/3368235.3368872,41
https://doi.org/10.1145/3447555.3464848,41
https://doi.org/10.1145/3358695.3361844,41
https://doi.org/10.1145/3399871.3399891,41
https://doi.org/10.1145/3341325.3342018,41
https://doi.org/10.1145/3538969.3543811,41
https://doi.org/10.1145/3550355.3552417,41
https://doi.org/10.1145/3356250.3361954,41
https://doi.org/10.1145/3419614.3423266,41
https://doi.org/10.1145/3341325.3342036,41
https://doi.org/10.1145/3538969.3543811,30
https://doi.org/10.1145/3369740.3372914,30
https://doi.org/10.1145/3272036.3272040,30
https://doi.org/10.1145/3341325.3342036,30
https://doi.org/10.1145/3342280.3342300,30
https://doi.org/10.1145/3366370,30
https://doi.org/10.1145/3345838.3356004,30
https://doi.org/10.1145/3288599.3288639,30
https://doi.org/10.1145/3368926.3369709,30
https://doi.org/10.1145/3549206.3549247,30
https://doi.org/10.1145/3565884,30
https://doi.org/10.1145/3503181.3503193,30
https://doi.org/10.1145/3508467.3508471,30
https://doi.org/10.1145/3358695.3360897,30
https://doi.org/10.1145/3416014.3424582,30
https://doi.org/10.1145/3152824.3152830,30
https://doi.org/10.1145/3387940.3391498,30
https://doi.org/10.1145/3479645.3479699,30
https://doi.org/10.1145/3486622.3493917,30
https://doi.org/10.1145/3440943.3444337,30
https://doi.org/10.1145/3180457.3180458,30
https://doi.org/10.1145/3372938.3372970,30
https://doi.org/10.1145/3312614.3312652,30
https://doi.org/10.1145/3394171.3414458,30
https://doi.org/10.1145/3358695.3361752,30
https://doi.org/10.1145/3286978.3287022,30
https://doi.org/10.1145/3466029.3466056,30
https://doi.org/10.1145/3485730.3493685,30
https://doi.org/10.1145/3321705.3329826,30
https://doi.org/10.1145/3286978.3286984,30
https://doi.org/10.1145/3209281.3209391,30
https://doi.org/10.1145/3443467.3443764,30
https://doi.org/10.1145/3445815.3445821,30
https://doi.org/10.1145/3139923.3139932,30
https://doi.org/10.1145/3560816,30
https://doi.org/10.1145/3417987,30
https://doi.org/10.1145/3409934.3409938,30
https://doi.org/10.1145/3209914.3209916,30
https://doi.org/10.1145/3267305.3267547,30
https://doi.org/10.1145/3409934.3409946,30
https://doi.org/10.1145/3428690.3429159,30
https://doi.org/10.1145/3428502.3428522,30
https://doi.org/10.1145/3512850.3512855,30
https://doi.org/10.1145/3534678.3539104,30
https://doi.org/10.1145/3477314.3507006,30
https://doi.org/10.1145/3490236,30
https://doi.org/10.1145/3490236,"1,384"
https://doi.org/10.1145/3512676.3512678,"1,384"
https://doi.org/10.1145/3412841.3441905,"1,384"
https://doi.org/10.1145/3281411.3281438,"1,384"
https://doi.org/10.1145/3408321,"1,384"
https://doi.org/10.1145/3358528.3358530,"1,384"
https://doi.org/10.1145/3010089.3016027,"1,384"
https://doi.org/10.1145/3409934.3409941,"1,384"
https://doi.org/10.1145/3415088.3415118,"1,384"
https://doi.org/10.1145/3373017.3373022,"1,384"
https://doi.org/10.1145/3507971.3507995,"1,384"
https://doi.org/10.1145/3323873.3326924,"1,384"
https://doi.org/10.1145/3318265.3318279,"1,384"
https://doi.org/10.1145/3344281,"1,384"
https://doi.org/10.1145/3426020.3426078,"1,384"
https://doi.org/10.1145/3371595.3376896,"1,384"
https://doi.org/10.1145/3361758.3361770,"1,384"
https://doi.org/10.1145/3424978.3425019,"1,384"
https://doi.org/10.1145/3511430.3511448,"1,384"
https://doi.org/10.1145/3377644.3377663,"1,384"
https://doi.org/10.1145/3444370.3444617,"1,384"
https://doi.org/10.1145/3194113.3194122,"1,384"
https://doi.org/10.1145/3507971.3507991,"1,384"
https://doi.org/10.1145/3460569.3460587,"1,384"
https://doi.org/10.1145/3512353.3512381,"1,384"
https://doi.org/10.1145/3391403.3399475,"1,384"
https://doi.org/10.1145/3194113.3194120,"1,384"
https://doi.org/10.1145/3209281.3209408,"1,384"
https://doi.org/10.1145/3341105.3374231,"1,384"
https://doi.org/10.1145/3510487.3510491,"1,384"
https://doi.org/10.1145/3524458.3547248,"1,384"
https://doi.org/10.1145/3532106.3533478,"1,384"
https://doi.org/10.1145/3319535.3363215,"1,384"
https://doi.org/10.1145/3491396.3506508,"1,384"
https://doi.org/10.1145/3523181.3523182,"1,384"
https://doi.org/10.1145/3312614.3312650,"1,384"
https://doi.org/10.1145/3491087.3493679,"1,384"
https://doi.org/10.1145/3411764.3445655,"1,384"
https://doi.org/10.1145/3511808.3557212,"1,384"
https://doi.org/10.1145/3366624.3368159,"1,384"
https://doi.org/10.1145/3404890,"1,384"
https://doi.org/10.1145/3338472.3338486,"1,384"
https://doi.org/10.1145/3197091.3205822,"1,384"
https://doi.org/10.1145/2991561.2998465,"1,384"
https://doi.org/10.1145/3481127.3481245,"1,384"
https://doi.org/10.1145/3341325.3342015,"1,384"
https://doi.org/10.1145/3387263.3387277,"1,384"
https://doi.org/10.1145/3485730.3493375,"1,384"
https://doi.org/10.1145/3414045.3415941,"1,384"
https://doi.org/10.1145/3428502.3428521,109
https://doi.org/10.1145/3344341.3368797,109
https://doi.org/10.1145/3508072.3508224,109
https://doi.org/10.1145/3485557.3485572,109
https://doi.org/10.1145/3209415.3209436,109
https://doi.org/10.1145/3501409.3501504,109
https://doi.org/10.1145/3514262.3514319,109
https://doi.org/10.1145/3307334.3328666,109
https://doi.org/10.1145/3287324.3287542,109
https://doi.org/10.1145/3133956.3134025,109
https://doi.org/10.1145/3445968.3452090,109
https://doi.org/10.1145/3194113.3194116,109
https://doi.org/10.1145/3507971.3507997,109
https://doi.org/10.1145/3356473.3365191,109
https://doi.org/10.1145/3524458.3547251,109
https://doi.org/10.1145/3511898,109
https://doi.org/10.1145/3411763.3451755,109
https://doi.org/10.1145/3397056.3397086,109
https://doi.org/10.1145/3264437.3264463,109
https://doi.org/10.1145/3341162.3349320,109
https://doi.org/10.1145/3463677.3463705,109
https://doi.org/10.1145/3444465.3444476,109
https://doi.org/10.1145/3397166.3412800,109
https://doi.org/10.1145/3433542,109
https://doi.org/10.1145/3312614.3312641,109
https://doi.org/10.1145/3524458.3547245,109
https://doi.org/10.1145/3512576.3512610,109
https://doi.org/10.1145/3409934.3409945,109
https://doi.org/10.1145/3403954,109
https://doi.org/10.1145/3366424.3385759,109
https://doi.org/10.1145/3445969.3450431,109
https://doi.org/10.1145/3055518.3055529,109
https://doi.org/10.1145/3491101.3519682,109
https://doi.org/10.1145/3177457.3177485,109
https://doi.org/10.1145/3444370.3444588,109
https://doi.org/10.1145/3507971.3507990,109
https://doi.org/10.1145/3352411.3352435,109
https://doi.org/10.1145/3323503.3360640,109
https://doi.org/10.1145/2976749.2976756,109
https://doi.org/10.1145/3494106.3528680,109
https://doi.org/10.1145/3378904.3378918,109
https://doi.org/10.1145/3327960.3332386,109
https://doi.org/10.1145/3542954.3543028,109
https://doi.org/10.1145/3456126.3456134,109
https://doi.org/10.1145/3419111.3421283,109
https://doi.org/10.1145/3301403.3301405,109
https://doi.org/10.1145/3490486.3538250,109
https://doi.org/10.1145/3361242.3361248,109
https://doi.org/10.1145/3513142.3513192,109
https://doi.org/10.1145/3555661.3560872,109
https://doi.org/10.1145/3240117.3240137,109
https://doi.org/10.1145/3361242.3361248,109
https://doi.org/10.1145/3463677.3463704,109
https://doi.org/10.1145/3366030.3366128,109
https://doi.org/10.1145/3410699.3413794,109
https://doi.org/10.1145/3309194.3309198,109
https://doi.org/10.1145/3368308.3415456,109
https://doi.org/10.1145/3401025.3404099,109
https://doi.org/10.1145/3488560.3502187,109
https://doi.org/10.1145/3492323.3495575,109
https://doi.org/10.1145/3491087.3493682,109
https://doi.org/10.1145/3343147.3343170,109
https://doi.org/10.1145/3516529.3516560,109
https://doi.org/10.1145/3313831.3376660,109
https://doi.org/10.1145/3511808.3557502,109
https://doi.org/10.1145/3443467.3443754,109
https://doi.org/10.1145/3478905.3478927,109
https://doi.org/10.1145/3456565.3460038,109
https://doi.org/10.1145/3548683,109
https://doi.org/10.1145/3477314.3507037,109
https://doi.org/10.1145/3282278.3282283,109
https://doi.org/10.1145/3446922.3446930,109
https://doi.org/10.1145/3471140,109
https://doi.org/10.1145/3473714.3473785,109
https://doi.org/10.1145/2940716.2940773,109
https://doi.org/10.1145/3414274.3414497,109
https://doi.org/10.1145/3466772.3467051,109
https://doi.org/10.1145/3055518.3055531,109
https://doi.org/10.1145/3209281.3209293,109
https://doi.org/10.1145/3428502.3428520,109
https://doi.org/10.1145/3416014.3424601,109
https://doi.org/10.1145/3125433.3125464,109
https://doi.org/10.1145/3282278.3282281,109
https://doi.org/10.1145/3549542,109
https://doi.org/10.1145/3501247.3531597,109
https://doi.org/10.1145/3482632.3487461,109
https://doi.org/10.1145/3423423.3423425,109
https://doi.org/10.1145/3374549.3374583,109
https://doi.org/10.1145/2994581,109
https://doi.org/10.1145/3439147.3439185,109
https://doi.org/10.1145/3470716.3470722,109
https://doi.org/10.1145/3492323.3495633,109
https://doi.org/10.1145/3450569.3463565,109
https://doi.org/10.1145/3510547.3517921,109
https://doi.org/10.1145/3322640.3328780,109
https://doi.org/10.1145/3441000.3441014,109
https://doi.org/10.1145/3508072.3508096,25
https://doi.org/10.1145/3433174.3433618,25
https://doi.org/10.1145/3501247.3539018,25
https://doi.org/10.1145/3393527.3393565,25
https://doi.org/10.1145/3418653.3418655,25
https://doi.org/10.1145/3487757.3490940,25
https://doi.org/10.1145/3209914.3209917,25
https://doi.org/10.1145/3524383.3524400,25
https://doi.org/10.1145/3494106.3528674,25
https://doi.org/10.1145/3465480.3466921,25
https://doi.org/10.1145/3290688.3290736,25
https://doi.org/10.1145/3384217.3385621,25
https://doi.org/10.1145/3173386.3177818,25
https://doi.org/10.1145/3362125.3362136,25
https://doi.org/10.1145/3152824.3152827,25
https://doi.org/10.1145/3167132.3167175,25
https://doi.org/10.1145/3503462,25
https://doi.org/10.1145/3488933.3489014,25
https://doi.org/10.1145/3409934.3409958,25
https://doi.org/10.1145/3410699.3413793,25
https://doi.org/10.1145/3349801.3357132,25
https://doi.org/10.1145/3410886.3410905,25
https://doi.org/10.1145/3448016.3452823,25
https://doi.org/10.1145/3462203.3475913,25
https://doi.org/10.1145/3492866.3549730,25
https://doi.org/10.1145/3376044.3376048,25
https://doi.org/10.1145/3488933.3489005,25
https://doi.org/10.1145/3369740.3372767,25
https://doi.org/10.1145/3474124.3474184,25
https://doi.org/10.1145/3404709.3404757,25
https://doi.org/10.1145/3284028.3284035,25
https://doi.org/10.1145/3453161,25
https://doi.org/10.1145/3366627.3368118,25
https://doi.org/10.1145/3538637.3538848,25
https://doi.org/10.1145/3055518.3055527,25
https://doi.org/10.1145/3299815.3314456,25
https://doi.org/10.1145/3427228.3427247,25
https://doi.org/10.1145/3219788.3219792,25
https://doi.org/10.1145/3558819.3565158,25
https://doi.org/10.14778/3510397.3510406,25
https://doi.org/10.1145/3308558.3313740,25
https://doi.org/10.1145/3327959.3329538,173
https://doi.org/10.1145/3209281.3209321,173
https://doi.org/10.1145/3264437.3264470,173
https://doi.org/10.1145/3211933.3211951,173
https://doi.org/10.1145/3211933.3211939,173
https://doi.org/10.1145/3409073.3409080,173
https://doi.org/10.1145/3411016.3411161,173
https://doi.org/10.1145/3288599.3295584,173
https://doi.org/10.1145/3460537.3460565,173
https://doi.org/10.1145/3511899,173
https://doi.org/10.1145/3209281.3209405,173
https://doi.org/10.1145/3234152.3234155,173
https://doi.org/10.1145/3368640.3368655,173
https://doi.org/10.1145/3368926.3369676,173
https://doi.org/10.1145/3297280.3297316,173
https://doi.org/10.1145/3484824.3484899,173
https://doi.org/10.1145/3505253.3505259,173
https://doi.org/10.1145/3392153,173
https://doi.org/10.1145/3343147.3343164,173
https://doi.org/10.1145/3450588.3450944,173
https://doi.org/10.1145/3532640.3532649,173
https://doi.org/10.1145/3288599.3288640,173
https://doi.org/10.1145/3474124.3474138,173
https://doi.org/10.1145/3549206.3549221,173
https://doi.org/10.1145/3482632.3487477,173
https://doi.org/10.1145/3532640.3532653,173
https://doi.org/10.1145/3194113.3194118,173
https://doi.org/10.14778/3415478.3415502,173
https://doi.org/10.1145/3460287,173
https://doi.org/10.1145/3293611.3338022,173
https://doi.org/10.1145/3359552,173
https://doi.org/10.1145/3371238.3371243,173
https://doi.org/10.1145/3211933.3211949,173
https://doi.org/10.1145/3460537.3460548,173
https://doi.org/10.1145/3549206.3549289,173
https://doi.org/10.1145/3240297,173
https://doi.org/10.1145/3378065.3378136,173
https://doi.org/10.1145/3408877.3439695,173
https://doi.org/10.1145/3341105.3373884,173
https://doi.org/10.1145/3487664.3487752,173
https://doi.org/10.1145/3428502.3428518,173
https://doi.org/10.1145/3498765.3498803,173
https://doi.org/10.1145/3510309.3510322,173
https://doi.org/10.1145/3393691.3394218,173
https://doi.org/10.1145/3530190.3534820,173
https://doi.org/10.1145/3510487.3510493,173
https://doi.org/10.1145/3428757.3429149,173
https://doi.org/10.1145/3211890.3211921,173
https://doi.org/10.1145/3519270.3538468,65
https://doi.org/10.1145/3477282.3477296,65
https://doi.org/10.1145/3487351.3488326,65
https://doi.org/10.1145/3410048.3410090,65
https://doi.org/10.14778/3415478.3415565,65
https://doi.org/10.1145/3384419.3430465,65
https://doi.org/10.1145/3376044.3376061,65
https://doi.org/10.1145/3523283,65
https://doi.org/10.1145/3297280.3297347,65
https://doi.org/10.1145/3568315,65
https://doi.org/10.1145/3320154.3322133,65
https://doi.org/10.1145/3510487.3510496,65
https://doi.org/10.1145/3508398.3511504,65
https://doi.org/10.1145/3510487.3510492,65
https://doi.org/10.1145/3442520.3442534,65
https://doi.org/10.1145/3368691.3368726,65
https://doi.org/10.1145/3303868,65
https://doi.org/10.1145/3481627,65
https://doi.org/10.1145/3460537.3460566,65
https://doi.org/10.1145/3546157.3546165,65
https://doi.org/10.1145/3433996.3434017,65
https://doi.org/10.1145/3320154.3320155,65
https://doi.org/10.1145/3406092,65
https://doi.org/10.1145/3510487.3510494,65
https://doi.org/10.1145/3494193.3494199,65
https://doi.org/10.1145/3469213.3470409,65
https://doi.org/10.1145/3397166.3409136,65
https://doi.org/10.1145/3411170.3411248,65
https://doi.org/10.1145/3456126.3456128,65
https://doi.org/10.1145/3390566.3391687,65
https://doi.org/10.1145/3495018.3495362,65
https://doi.org/10.1145/3408309,65
https://doi.org/10.1145/3384942.3418745,65
https://doi.org/10.1145/3523181.3523185,65
https://doi.org/10.1145/3498851.3498923,65
https://doi.org/10.1145/3312750,65
https://doi.org/10.1145/3422648.3422665,65
https://doi.org/10.1145/3287624.3287656,65
https://doi.org/10.1145/3326467.3326479,65
https://doi.org/10.1145/3327959.3329539,65
https://doi.org/10.1145/3151848.3151851,65
https://doi.org/10.1145/3409934.3409950,65
https://doi.org/10.1145/3524842.3528534,65
https://doi.org/10.1145/3523181.3523183,65
https://doi.org/10.1145/3498851.3498994,65
https://doi.org/10.1145/3548608.3559272,65
https://doi.org/10.1145/3325112.3325264,65
https://doi.org/10.1145/3234200.3234217,780
https://doi.org/10.1145/3528416.3530228,780
https://doi.org/10.1145/3341105.3373988,780
https://doi.org/10.1145/3282278.3282279,780
https://doi.org/10.1145/3369752,780
https://doi.org/10.1145/3324921.3328790,780
https://doi.org/10.1145/3390566.3391670,780
https://doi.org/10.1145/3373017.3373037,780
https://doi.org/10.1145/3419614.3423259,780
https://doi.org/10.1145/3316781.3317862,780
https://doi.org/10.1145/3305364,780
https://doi.org/10.1145/3446983.3446987,780
https://doi.org/10.1145/3492323.3495619,780
https://doi.org/10.14778/3329772.3329775,780
https://doi.org/10.1145/3463677.3463699,780
https://doi.org/10.1145/3419102,780
https://doi.org/10.1145/3511616.3513100,780
https://doi.org/10.1145/3308897.3308952,780
https://doi.org/10.1145/3479722.3480991,780
https://doi.org/10.1145/3483845.3483886,780
https://doi.org/10.1145/3426430.3428131,780
https://doi.org/10.1145/3457913.3457929,780
https://doi.org/10.1145/3325112.3325272,780
https://doi.org/10.1145/3247804,780
https://doi.org/10.1145/3511903,780
https://doi.org/10.1145/3466826.3466831,780
https://doi.org/10.1145/3430502,780
https://doi.org/10.1145/3387940.3391500,780
https://doi.org/10.1145/3511902,780
https://doi.org/10.1145/3456126.3456130,780
https://doi.org/10.1145/3427796.3430003,780
https://doi.org/10.1145/3511616.3513122,780
https://doi.org/10.1145/3158333,780
https://doi.org/10.1145/3366625.3369437,780
https://doi.org/10.1145/3532213.3532239,780
https://doi.org/10.1145/3508072.3508110,780
https://doi.org/10.1145/3554761,780
https://doi.org/10.1145/3538969.3544446,780
https://doi.org/10.1145/3508072.3508086,780
https://doi.org/10.1145/3547653,780
https://doi.org/10.1145/3412841.3441909,780
https://doi.org/10.1145/3194113.3194119,780
https://doi.org/10.1145/3460179.3460185,780
https://doi.org/10.1145/3183440.3194978,780
https://doi.org/10.1145/3330204.3330225,780
https://doi.org/10.1145/3508072.3508174,23
https://doi.org/10.1145/3522784.3522794,23
https://doi.org/10.1145/3183440.3194978,23
https://doi.org/10.1145/3318041.3355457,23
https://doi.org/10.1145/3500920,23
https://doi.org/10.1145/3320154.3320158,23
https://doi.org/10.1145/3468264.3473130,23
https://doi.org/10.1145/3495018.3501093,23
https://doi.org/10.1145/3155016.3155018,23
https://doi.org/10.1145/3492323.3495577,23
https://doi.org/10.1145/3327960.3332395,23
https://doi.org/10.1145/3441692,23
https://doi.org/10.1145/3007748.3018280,23
https://doi.org/10.1145/3523181.3523186,23
https://doi.org/10.1145/3448016.3452789,23
https://doi.org/10.1145/3326365.3326410,23
https://doi.org/10.1145/3341105.3374066,23
https://doi.org/10.1145/3183367,23
https://doi.org/10.14778/3229863.3229877,23
https://doi.org/10.1145/3485730.3493374,23
https://doi.org/10.1145/3448016.3452807,23
https://doi.org/10.1145/3297280.3297546,23
https://doi.org/10.1145/3361821.3361838,23
https://doi.org/10.1145/3196959.3197545,23
https://doi.org/10.1145/3549527,23
https://doi.org/10.1145/3447548.3470800,23
https://doi.org/10.1145/3194113.3194114,23
https://doi.org/10.1145/3376044.3376053,23
https://doi.org/10.1145/3318041.3355463,23
https://doi.org/10.1145/3087801.3087873,23
https://doi.org/10.1145/3409934.3409935,23
https://doi.org/10.1145/3320154.3320164,23
https://doi.org/10.1145/3559795.3559803,23
https://doi.org/10.1145/3384943.3409431,23
https://doi.org/10.1145/3433210.3453087,23
https://doi.org/10.1145/3459104.3459153,23
https://doi.org/10.1145/3290607.3312896,23
https://doi.org/10.1145/3362744.3363346,23
https://doi.org/10.1145/3559795.3559796,23
https://doi.org/10.1145/3299869.3319883,23
https://doi.org/10.1145/3410352.3410782,23
https://doi.org/10.1145/3131542.3131563,23
https://doi.org/10.1145/3318265.3318289,23
https://doi.org/10.1145/3120459.3120472,23
https://doi.org/10.1145/2976749.2978341,23
https://doi.org/10.1145/3433174.3433587,85
https://doi.org/10.1145/3494193.3494200,85
https://doi.org/10.1145/3406601.3406614,85
https://doi.org/10.1145/3465631.3465877,85
https://doi.org/10.1145/3384943.3409435,85
https://doi.org/10.1145/3446983.3446992,85
https://doi.org/10.1145/3390566.3391679,85
https://doi.org/10.1145/3210284.3219502,85
https://doi.org/10.1145/3282373.3282402,85
https://doi.org/10.1145/3318464.3389693,85
https://doi.org/10.1145/3510003.3510086,85
https://doi.org/10.1145/3494106.3528672,85
https://doi.org/10.1145/3338840.3355646,85
https://doi.org/10.1145/3184558.3191555,85
https://doi.org/10.1145/3299869.3320238,85
https://doi.org/10.1145/3419394.3423628,85
https://doi.org/10.1145/3211890.3211915,85
https://doi.org/10.1145/3494106.3528676,85
https://doi.org/10.1145/3022227.3022325,85
https://doi.org/10.1145/3482632.3482657,85
https://doi.org/10.1145/3532640.3532657,85
https://doi.org/10.1145/3494106.3528685,85
https://doi.org/10.1145/3341276,85
https://doi.org/10.1145/3395363.3404365,85
https://doi.org/10.1145/3409934.3409940,85
https://doi.org/10.1145/3384943.3409418,85
https://doi.org/10.1145/3349266.3351386,85
https://doi.org/10.1145/3465631.3465635,85
https://doi.org/10.1145/3340764.3340799,85
https://doi.org/10.1145/3337722.3341836,85
https://doi.org/10.1145/3341105.3374067,85
https://doi.org/10.1145/3494106.3528677,85
https://doi.org/10.1145/3459104.3459179,85
https://doi.org/10.1145/3433260,85
https://doi.org/10.1145/3285879,85
https://doi.org/10.1145/3205230.3205233,85
https://doi.org/10.1145/2783446.2783593,85
https://doi.org/10.1145/3007788.3007790,85
https://doi.org/10.1145/3287921.3287968,85
https://doi.org/10.1145/3178876.3186046,85
https://doi.org/10.1145/3247810,85
https://doi.org/10.1145/3208903.3208929,85
https://doi.org/10.1145/3133956.3134033,85
https://doi.org/10.1145/3494106.3528673,85
https://doi.org/10.1145/3417312.3431828,85
https://doi.org/10.1145/3407947.3407959,104
https://doi.org/10.1145/3417312.3431828,104
https://doi.org/10.1145/3503181.3503192,104
https://doi.org/10.1145/3384943.3409439,104
https://doi.org/10.1145/3299869.3300083,104
https://doi.org/10.1145/3419614.3423264,104
https://doi.org/10.1145/3382734.3405704,104
https://doi.org/10.1145/3320269.3384752,104
https://doi.org/10.1145/3488663.3493791,104
https://doi.org/10.1145/3308897.3308956,104
https://doi.org/10.1145/3197391.3205412,104
https://doi.org/10.1145/3524860.3539641,104
https://doi.org/10.1145/3362744.3363342,104
https://doi.org/10.1145/3196494.3201592,104
https://doi.org/10.1145/3184558.3186938,104
https://doi.org/10.1145/3399871.3399892,104
https://doi.org/10.1145/3399871.3399902,104
https://doi.org/10.1145/3284014.3284020,104
https://doi.org/10.1145/3309074.3309104,104
https://doi.org/10.1145/3412841.3441912,104
https://doi.org/10.1145/3152141.3152392,104
https://doi.org/10.1145/3444370.3444623,104
https://doi.org/10.1145/3419804.3421454,104
https://doi.org/10.1145/3465631.3465637,104
https://doi.org/10.1145/3205230.3205237,104
https://doi.org/10.1145/3477314.3506993,104
https://doi.org/10.1145/3477090.3481053,104
https://doi.org/10.1145/3469213.3470338,104
https://doi.org/10.1145/3343147.3343160,104
https://doi.org/10.1145/3322276.3322370,104
https://doi.org/10.1145/3299815.3314433,104
https://doi.org/10.1145/3205230.3205235,104
https://doi.org/10.1145/3447548.3469441,104
https://doi.org/10.1145/3544109.3544400,104
https://doi.org/10.1145/3286978.3287019,104
https://doi.org/10.1145/3329363,104
https://doi.org/10.1145/3417516,104
https://doi.org/10.1145/3458817.3476155,104
https://doi.org/10.1145/3209415.3209502,104
https://doi.org/10.1145/3408066.3408106,104
https://doi.org/10.1145/3386164.3389095,104
https://doi.org/10.1145/3477314.3507050,104
https://doi.org/10.1145/3322431.3326327,104
https://doi.org/10.1145/3422337.3447845,131
https://doi.org/10.1145/3415151,131
https://doi.org/10.1145/3292006.3300034,131
https://doi.org/10.1145/3302505.3310086,131
https://doi.org/10.1145/3170358.3170365,131
https://doi.org/10.1145/3361149.3361166,131
https://doi.org/10.1145/3274895.3274986,131
https://doi.org/10.1145/3448016.3459237,131
https://doi.org/10.1145/3387940.3392245,131
https://doi.org/10.1145/3147234.3148088,131
https://doi.org/10.1145/3452940.3453043,131
https://doi.org/10.1145/3482632.3483997,131
https://doi.org/10.1145/3486622.3493937,131
https://doi.org/10.1145/3418686,131
https://doi.org/10.1145/3133956.3138828,131
https://doi.org/10.1145/3232755.3232785,131
https://doi.org/10.1145/3453475,131
https://doi.org/10.1145/3482632.3484040,131
https://doi.org/10.1145/3319535.3363256,131
https://doi.org/10.1145/3207677.3277939,131
https://doi.org/10.1145/3544109.3544348,131
https://doi.org/10.1145/3520084.3520100,131
https://doi.org/10.1145/3356773.3356807,131
https://doi.org/10.1145/3477495.3531735,131
https://doi.org/10.1145/3396339.3396396,131
https://doi.org/10.1145/3407023.3409193,131
https://doi.org/10.1145/3319535.3363254,131
https://doi.org/10.1145/3297280.3297319,131
https://doi.org/10.1145/3447786.3456231,131
https://doi.org/10.1145/3448016.3457248,131
https://doi.org/10.1145/3338507.3358613,131
https://doi.org/10.1145/3338286.3344386,131
https://doi.org/10.1145/3555661.3560859,131
https://doi.org/10.1145/3312614.3312615,131
https://doi.org/10.1145/3288800,131
https://doi.org/10.1145/3325917.3325942,131
https://doi.org/10.1145/3331076.3331083,131
https://doi.org/10.1145/3563885,131
https://doi.org/10.1145/3210284.3219776,131
https://doi.org/10.1145/3328778.3367012,131
https://doi.org/10.1145/3368691.3368746,131
https://doi.org/10.1145/3383219.3383275,131
https://doi.org/10.1145/3559795.3559805,131
https://doi.org/10.1145/3384943.3409428,131
https://doi.org/10.1145/3377644.3377667,131
https://doi.org/10.1145/3377049.3377062,131
https://doi.org/10.1145/3488932.3517201,131
https://doi.org/10.1145/3495018.3501099,131
https://doi.org/10.1145/3299869.3314030,131
https://doi.org/10.1145/3326365.3326371,260
https://doi.org/10.1145/3384943.3409417,260
https://doi.org/10.1145/3211933.3211935,260
https://doi.org/10.1145/3152824.3152829,260
https://doi.org/10.1145/3383219.3383276,260
https://doi.org/10.1145/3464768,260
https://doi.org/10.1145/3384943.3409432,260
https://doi.org/10.1145/3211933.3211941,260
https://doi.org/10.1145/3477084.3484952,260
https://doi.org/10.1145/3477314.3506986,260
https://doi.org/10.1145/3460537.3460563,260
https://doi.org/10.1145/3384943.3409422,260
https://doi.org/10.1145/3211933.3211934,260
https://doi.org/10.1145/3383455.3422549,260
https://doi.org/10.1145/3450569.3463564,260
https://doi.org/10.1145/3410699.3413791,260
https://doi.org/10.1145/3369052,260
https://doi.org/10.1145/3174910.3174952,260
https://doi.org/10.1145/3524458.3547227,260
https://doi.org/10.1145/3517183,260
https://doi.org/10.1145/3446983.3446990,260
https://doi.org/10.1145/3196369.3196383,260
https://doi.org/10.1145/3462408,260
https://doi.org/10.1145/3535423,260
https://doi.org/10.1145/3389647,260
https://doi.org/10.1145/3503042,260
https://doi.org/10.1145/3176258.3176333,260
https://doi.org/10.1145/3410699.3411361,260
https://doi.org/10.1145/3320269.3384729,260
https://doi.org/10.1145/3243734.3243853,260
https://doi.org/10.1145/3532640.3532664,260
https://doi.org/10.1145/3448016.3457539,260
https://doi.org/10.1145/3376044.3376063,260
https://doi.org/10.1145/3028687.3043967,260
https://doi.org/10.1145/3211890.3211904,260
https://doi.org/10.1145/3532640.3532652,260
https://doi.org/10.1145/3460537.3460540,260
https://doi.org/10.1145/3460537.3460541,260
https://doi.org/10.1145/3532640.3532651,260
https://doi.org/10.1145/3427097,260
https://doi.org/10.1145/3423211.3425696,260
https://doi.org/10.1145/3429884.3430032,260
https://doi.org/10.1145/3299869.3314116,260
https://doi.org/10.1145/3428662.3428793,260
https://doi.org/10.1145/3324884.3415294,260
https://doi.org/10.1145/3194133.3194150,260
https://doi.org/10.1145/3087801.3087809,260
https://doi.org/10.1145/3485832.3485915,260
https://doi.org/10.1145/3477132.3483574,"1,055"
https://doi.org/10.1145/3003733.3003773,"1,055"
https://doi.org/10.1145/3376044.3376052,"1,055"
https://doi.org/10.1145/3404892,"1,055"
https://doi.org/10.1145/3446983.3446986,"1,055"
https://doi.org/10.1145/3423554,"1,055"
https://doi.org/10.1145/2899007.2899012,"1,055"
https://doi.org/10.1145/3211933.3211948,"1,055"
https://doi.org/10.1145/3379463,"1,055"
https://doi.org/10.1145/3422337.3447837,"1,055"
https://doi.org/10.1145/3410699.3413789,"1,055"
https://doi.org/10.1145/3400302.3415673,"1,055"
https://doi.org/10.1145/3343147.3343169,"1,055"
https://doi.org/10.1145/3410699.3413795,"1,055"
https://doi.org/10.1145/3466826.3466829,"1,055"
https://doi.org/10.1145/3319535.3363213,"1,055"
https://doi.org/10.1145/3410699.3413792,"1,055"
https://doi.org/10.1145/3410699.3413798,"1,055"
https://doi.org/10.1145/3297662.3365796,"1,055"
https://doi.org/10.1145/3041021.3053899,"1,055"
https://doi.org/10.1145/3479722.3480989,"1,055"
https://doi.org/10.1145/3377812.3382157,"1,055"
https://doi.org/10.1145/3410699.3413799,"1,055"
https://doi.org/10.1145/3326365.3326372,"1,055"
https://doi.org/10.1145/3491053,"1,055"
https://doi.org/10.1145/3383923.3383962,"1,055"
https://doi.org/10.1145/3243734.3243848,"1,055"
https://doi.org/10.1145/3414045.3415945,"1,055"
https://doi.org/10.1145/3212734.3212781,"1,055"
https://doi.org/10.1145/3139337.3139340,"1,055"
https://doi.org/10.1145/3184558.3191553,"1,055"
https://doi.org/10.1145/2976749.2989059,"1,055"
https://doi.org/10.1145/3341105.3373899,"1,055"
https://doi.org/10.1145/3327962.3331459,"1,055"
https://doi.org/10.1145/3366627.3368105,"1,055"
https://doi.org/10.1145/3390566.3391676,"1,055"
https://doi.org/10.1145/3361525.3361540,"1,055"
https://doi.org/10.1145/2976749.2978389,"1,055"
https://doi.org/10.1145/3510487.3510510,"1,055"
https://doi.org/10.1145/3475992.3475996,"1,055"
https://doi.org/10.1145/3494106.3528687,"1,055"
https://doi.org/10.1145/3196709.3196778,"1,055"
https://doi.org/10.1145/3477314.3507003,"1,055"
https://doi.org/10.1145/3390566.3391666,"1,055"
https://doi.org/10.1145/3559795.3559811,"1,055"
https://doi.org/10.1145/3510487.3510498,"1,055"
https://doi.org/10.1145/3209623,"1,055"
https://doi.org/10.1145/3362744.3363344,"1,055"
https://doi.org/10.1145/3362744.3363344,548
https://doi.org/10.1145/3390566.3391678,548
https://doi.org/10.1145/3559795.3559799,548
https://doi.org/10.1145/3559795.3559812,548
https://doi.org/10.14778/3342263.3342275,548
https://doi.org/10.1145/3055518.3055530,548
https://doi.org/10.1145/3376044.3376066,548
https://doi.org/10.1145/3510487.3510512,548
https://doi.org/10.1145/3494106.3528679,548
https://doi.org/10.1145/3465480.3466922,548
https://doi.org/10.1145/3523181.3523198,548
https://doi.org/10.1145/3472883.3486975,548
https://doi.org/10.1145/3529113.3529134,548
https://doi.org/10.14778/3380750.3380757,548
https://doi.org/10.1145/3384943.3409438,548
https://doi.org/10.1145/3194113.3194115,548
https://doi.org/10.1145/3419111.3421272,548
https://doi.org/10.1145/3510487.3510511,548
https://doi.org/10.1145/3384943.3409436,548
https://doi.org/10.1145/3494106.3528683,548
https://doi.org/10.1145/3327960.3332379,548
https://doi.org/10.1145/3549910,548
https://doi.org/10.1145/3472634.3472648,548
https://doi.org/10.1145/3205230.3205234,548
https://doi.org/10.1145/3159450.3162213,548
https://doi.org/10.1145/3477084.3484949,548
https://doi.org/10.1145/3391195,548
https://doi.org/10.1145/3472716.3472866,548
https://doi.org/10.1145/3366424.3382708,548
https://doi.org/10.1145/3341302.3342082,548
https://doi.org/10.1145/3437378.3437879,548
https://doi.org/10.1145/3209281.3209336,548
https://doi.org/10.1145/3278312.3278321,548
https://doi.org/10.1145/3297280.3297320,548
https://doi.org/10.1145/3299869.3320237,548
https://doi.org/10.1145/3293611.3331570,548
https://doi.org/10.1145/3291064.3291073,548
https://doi.org/10.1145/3429358.3429374,548
https://doi.org/10.1145/3341301.3359627,548
https://doi.org/10.1145/3479645.3479706,548
https://doi.org/10.1145/3286978.3286979,548
https://doi.org/10.1145/3342559.3365333,548
https://doi.org/10.1145/3282278.3282280,548
https://doi.org/10.1145/3152824.3152826,548
https://doi.org/10.1145/3267809.3275475,548
https://doi.org/10.1145/3378065.3378131,548
https://doi.org/10.1145/3412841.3442076,24
https://doi.org/10.1145/3320154.3322131,24
https://doi.org/10.1145/3227696.3227723,24
https://doi.org/10.1145/3307334.3328591,24
https://doi.org/10.1145/3493426.3493823,24
https://doi.org/10.1145/3307772.3330177,24
https://doi.org/10.1145/3152494.3167978,24
https://doi.org/10.1145/3210284.3219766,24
https://doi.org/10.1145/3366611.3368145,24
https://doi.org/10.1145/3476436.3476445,24
https://doi.org/10.14778/3397230.3397246,24
https://doi.org/10.1145/3320154.3322132,24
https://doi.org/10.1145/3468264.3468546,24
https://doi.org/10.1145/3321408.3321607,24
https://doi.org/10.1145/3474624.3477068,24
https://doi.org/10.1145/3544538.3544653,24
https://doi.org/10.1145/3282373.3282419,24
https://doi.org/10.14778/3551793.3551816,24
https://doi.org/10.1145/3377170.3377225,24
https://doi.org/10.1145/3517745.3563024,24
https://doi.org/10.1145/3490422.3502333,24
https://doi.org/10.1145/3343147.3343162,24
https://doi.org/10.1145/3290605.3300859,24
https://doi.org/10.1145/3460120.3485362,24
https://doi.org/10.1145/3429395.3429401,24
https://doi.org/10.1145/3434581.3434734,24
https://doi.org/10.1145/3397166.3415278,24
https://doi.org/10.1145/3309171.3309177,24
https://doi.org/10.1145/3167084,24
https://doi.org/10.1145/3463274.3463351,24
https://doi.org/10.1145/3426474,24
https://doi.org/10.1145/3133956.3134093,24
https://doi.org/10.1145/3491086.3492469,24
https://doi.org/10.1145/3008167.3008170,24
https://doi.org/10.1145/3326365.3326414,24
https://doi.org/10.1145/3411506.3417600,24
https://doi.org/10.1145/3322431.3325108,24
https://doi.org/10.1145/3423166,24
https://doi.org/10.1145/3434581.3434685,24
https://doi.org/10.1145/3514221.3526046,24
https://doi.org/10.1145/3284764.3284769,24
https://doi.org/10.1145/3327960.3332383,24
https://doi.org/10.1145/3289166.3289169,24
https://doi.org/10.1145/3139903.3139906,24
https://doi.org/10.1145/3520313.3534660,24
https://doi.org/10.1145/3491003.3491006,24
https://doi.org/10.1145/3448016.3450580,24
https://doi.org/10.1145/3479722.3480795,24
https://doi.org/10.14778/3231751.3231762,24
https://doi.org/10.1145/3327959.3329537,24
https://doi.org/10.1145/3428757.3429130,33
https://doi.org/10.1145/3377644.3377668,33
https://doi.org/10.1145/3411170.3411247,33
https://doi.org/10.1145/3041021.3053898,33
https://doi.org/10.1145/3549206.3549306,33
https://doi.org/10.1145/3312614.3312647,33
https://doi.org/10.1145/3409934.3409944,33
https://doi.org/10.1145/3196478.3196480,33
https://doi.org/10.1145/3433210.3437520,33
https://doi.org/10.1145/3205230.3205239,33
https://doi.org/10.1145/3488466.3488474,33
https://doi.org/10.1145/3127502.3127516,33
https://doi.org/10.1145/3409934.3409942,33
https://doi.org/10.1145/3465480.3466924,33
https://doi.org/10.1145/3427228.3427235,33
https://doi.org/10.1145/3492323.3495622,33
https://doi.org/10.1145/3538969.3538971,33
https://doi.org/10.1145/3492866.3549731,33
https://doi.org/10.1145/3318041.3355469,33
https://doi.org/10.1145/3125433.3125462,33
https://doi.org/10.1145/3448016.3452825,33
https://doi.org/10.1145/3530019.3531341,33
https://doi.org/10.1145/3396864.3399706,33
https://doi.org/10.1145/3409934.3409943,33
https://doi.org/10.1145/3360615,33
https://doi.org/10.1145/3338507.3358622,33
https://doi.org/10.1145/3178298.3178301,33
https://doi.org/10.1145/3508072.3508100,33
https://doi.org/10.1145/3479243.3487305,33
https://doi.org/10.1145/3278532.3278539,33
https://doi.org/10.1145/3358695.3361107,33
https://doi.org/10.1145/3404709.3404743,33
https://doi.org/10.1145/3364544.3364829,33
https://doi.org/10.1145/3456529.3456555,33
https://doi.org/10.1145/3341105.3374070,33
https://doi.org/10.1145/3368089.3417939,33
https://doi.org/10.1145/3281375.3281392,33
https://doi.org/10.1145/3412841.3442051,33
https://doi.org/10.1145/3311790.3399619,33
https://doi.org/10.1145/3491003.3491022,33
https://doi.org/10.1145/3360611,33
https://doi.org/10.1145/3152824.3152825,33
https://doi.org/10.1145/3238147.3238177,33
https://doi.org/10.1145/3503047.3503089,33
https://doi.org/10.1145/3485832.3485913,33
https://doi.org/10.1145/3488663.3493687,33
https://doi.org/10.1145/3534056.3535005,33
https://doi.org/10.1145/3465084.3467904,33
https://doi.org/10.1145/3240719.3241790,130
https://doi.org/10.1145/3492323.3495626,130
https://doi.org/10.1145/3340037.3340066,130
https://doi.org/10.1145/3527049.3527080,130
https://doi.org/10.1145/3276486,130
https://doi.org/10.1145/3488932.3527280,130
https://doi.org/10.1145/2993318.2993348,130
https://doi.org/10.1145/3371382.3380735,130
https://doi.org/10.1145/3401025.3404097,130
https://doi.org/10.1145/3184558.3191556,130
https://doi.org/10.1145/3550355.3552407,130
https://doi.org/10.1145/3493426.3493822,130
https://doi.org/10.1145/2833312.2833321,130
https://doi.org/10.1145/3318041.3355471,130
https://doi.org/10.1145/3341161.3345618,130
https://doi.org/10.1145/3505284.3532815,130
https://doi.org/10.1145/3477132.3483584,130
https://doi.org/10.1145/3464298.3493403,130
https://doi.org/10.1145/3469877.3493588,130
https://doi.org/10.1145/3465481.3470071,130
https://doi.org/10.1145/3465481.3469195,130
https://doi.org/10.1145/3372177.3373338,130
https://doi.org/10.1145/3485557.3485567,130
https://doi.org/10.1145/3359982,130
https://doi.org/10.1145/3379247.3379271,130
https://doi.org/10.1145/3448016.3457558,130
https://doi.org/10.1145/3321408.3321570,130
https://doi.org/10.1145/3419483,130
https://doi.org/10.1145/3556223.3556259,130
https://doi.org/10.1145/3462203.3475880,130
https://doi.org/10.1145/3491202,130
https://doi.org/10.1145/3549206.3549292,130
https://doi.org/10.1145/3047273.3047275,130
https://doi.org/10.1145/3458744.3474040,130
https://doi.org/10.1145/3404500,130
https://doi.org/10.1145/3366423.3380215,130
https://doi.org/10.1145/3357236.3395535,130
https://doi.org/10.1145/3422648.3422664,130
https://doi.org/10.1145/3517745.3561469,130
https://doi.org/10.1145/3347146.3359072,130
https://doi.org/10.1145/3474085.3479238,130
https://doi.org/10.1145/3527321,130
https://doi.org/10.1145/3538227,130
https://doi.org/10.1145/3524458.3547239,130
https://doi.org/10.1145/3136560.3136594,130
https://doi.org/10.1145/3450337.3483501,130
https://doi.org/10.1145/3309074.3309105,130
https://doi.org/10.1145/3284764.3284767,130
https://doi.org/10.1145/3424978.3425014,130
https://doi.org/10.1145/3268935.3268944,540
https://doi.org/10.1145/3205230.3205240,540
https://doi.org/10.1145/3269206.3269222,540
https://doi.org/10.1145/3462203.3475901,540
https://doi.org/10.1145/3344948.3344953,540
https://doi.org/10.1145/3410699.3413796,540
https://doi.org/10.1145/3387168.3387214,540
https://doi.org/10.1145/3131542.3140263,540
https://doi.org/10.1145/3550197,540
https://doi.org/10.1145/3319535.3354200,540
https://doi.org/10.1145/3433210.3453089,540
https://doi.org/10.1145/3457913.3457920,540
https://doi.org/10.1145/3320269.3384716,540
https://doi.org/10.1145/3409929.3416794,540
https://doi.org/10.1145/3487553.3524235,540
https://doi.org/10.1145/3328433.3328449,540
https://doi.org/10.1145/3297280.3297312,540
https://doi.org/10.1145/3359989.3365411,540
https://doi.org/10.14778/3397230.3397231,540
https://doi.org/10.1145/3312525,540
https://doi.org/10.1145/3479722.3480988,540
https://doi.org/10.1145/3434581.3434689,540
https://doi.org/10.1145/3308897.3308954,540
https://doi.org/10.1145/3274895.3274914,540
https://doi.org/10.1145/3373017.3373063,540
https://doi.org/10.1145/3463274.3463348,540
https://doi.org/10.1145/3523181.3523184,540
https://doi.org/10.1145/3358695.3361753,540
https://doi.org/10.1145/2976749.2978309,540
https://doi.org/10.1145/3321705.3329816,540
https://doi.org/10.1145/3524860.3539805,540
https://doi.org/10.1145/3308558.3313593,540
https://doi.org/10.1145/3090354.3090392,540
https://doi.org/10.1145/3402942.3402985,540
https://doi.org/10.1145/3409934.3409936,540
https://doi.org/10.1145/3379464,540
https://doi.org/10.1145/3442381.3449858,540
https://doi.org/10.1145/3392147,540
https://doi.org/10.1145/3344341.3368812,540
https://doi.org/10.1145/3291064.3291065,540
https://doi.org/10.1145/3478431.3499300,540
https://doi.org/10.1145/3498851.3499007,540
https://doi.org/10.1145/3304109.3323833,540
https://doi.org/10.1145/3419614.3423265,540
https://doi.org/10.1145/3491258,540
https://doi.org/10.1145/3236112.3236162,540
https://doi.org/10.1145/3378184.3378231,540
https://doi.org/10.1145/3519270.3538424,53
https://doi.org/10.1145/3321408.3321574,53
https://doi.org/10.1145/3491258,53
https://doi.org/10.1145/3442381.3449824,53
https://doi.org/10.1145/3297280.3297322,53
https://doi.org/10.1145/3351556.3351569,53
https://doi.org/10.1145/3409934.3409947,53
https://doi.org/10.1145/3519270.3538430,53
https://doi.org/10.1145/3477314.3507309,53
https://doi.org/10.1145/3555661.3560874,53
https://doi.org/10.1145/3087801.3087835,53
https://doi.org/10.1145/3381036,53
https://doi.org/10.1145/3399871.3399904,53
https://doi.org/10.1145/3486622.3493914,53
https://doi.org/10.1145/3240117.3240136,53
https://doi.org/10.1145/3465481.3470058,53
https://doi.org/10.1145/3010089.3016029,53
https://doi.org/10.1145/3479722.3480992,53
https://doi.org/10.1145/3524458.3547230,53
https://doi.org/10.1145/3064857.3064862,53
https://doi.org/10.1145/3350755.3400264,53
https://doi.org/10.1145/3498765.3498805,53
https://doi.org/10.1145/3465481.3469208,53
https://doi.org/10.1145/3529399.3529439,53
https://doi.org/10.1145/3318041.3355459,53
https://doi.org/10.1145/3332186.3332203,53
https://doi.org/10.1145/3377811.3380364,53
https://doi.org/10.1145/3530019.3531339,53
https://doi.org/10.1145/3308897.3308951,53
https://doi.org/10.1145/3422337.3447839,53
https://doi.org/10.1145/3372297.3417244,53
https://doi.org/10.1145/3465084.3467484,53
https://doi.org/10.1145/3487405.3487406,53
https://doi.org/10.1145/3308558.3313574,53
https://doi.org/10.1145/3359312,53
https://doi.org/10.1145/3485447.3512226,53
https://doi.org/10.1145/3428200,53
https://doi.org/10.1145/3487553.3524629,53
https://doi.org/10.1145/3543434.3543662,53
https://doi.org/10.1145/3422816,53
https://doi.org/10.1145/3293611.3331589,53
https://doi.org/10.1145/3358505.3358507,53
https://doi.org/10.14778/3476311.3476313,53
https://doi.org/10.1145/3212734.3212736,53
https://doi.org/10.1145/3267809.3275450,53
https://doi.org/10.1145/3421764,53
https://doi.org/10.1145/3319535.3355503,53
https://doi.org/10.1145/3372297.3417243,"1,695"
https://doi.org/10.1145/3286978.3287023,"1,695"
https://doi.org/10.1145/3372938.3372962,"1,695"
https://doi.org/10.1145/3391403.3399492,"1,695"
https://doi.org/10.1145/3419614.3423255,"1,695"
https://doi.org/10.1145/3488932.3517386,"1,695"
https://doi.org/10.1145/3366624.3368156,"1,695"
https://doi.org/10.1145/3327960.3332385,"1,695"
https://doi.org/10.1145/3462223.3485597,"1,695"
https://doi.org/10.1145/3133956.3134010,"1,695"
https://doi.org/10.1145/3494105.3526239,"1,695"
https://doi.org/10.1145/3473138,"1,695"
https://doi.org/10.1145/3508467.3508470,"1,695"
https://doi.org/10.1145/3196494.3201584,"1,695"
https://doi.org/10.1145/3442371,"1,695"
https://doi.org/10.1145/2933575.2934579,"1,695"
https://doi.org/10.1145/3319535.3363203,"1,695"
https://doi.org/10.1145/3285002.3285012,"1,695"
https://doi.org/10.1145/3274276,"1,695"
https://doi.org/10.1145/3494106.3528682,"1,695"
https://doi.org/10.1145/3350755.3400272,"1,695"
https://doi.org/10.1145/3505170.3506720,"1,695"
https://doi.org/10.1145/3319535.3363222,"1,695"
https://doi.org/10.1145/3318464.3384687,"1,695"
https://doi.org/10.1145/3488932.3524126,"1,695"
https://doi.org/10.1145/3528669,"1,695"
https://doi.org/10.1145/3318041.3355460,"1,695"
https://doi.org/10.1145/3503181.3503185,"1,695"
https://doi.org/10.1145/3321705.3329812,"1,695"
https://doi.org/10.1145/3284014.3284018,"1,695"
https://doi.org/10.1145/3391403.3399533,"1,695"
https://doi.org/10.1145/3242921.3242926,"1,695"
https://doi.org/10.1145/3384942.3406872,"1,695"
https://doi.org/10.1145/3429351.3431740,"1,695"
https://doi.org/10.1145/3546155.3546700,"1,695"
https://doi.org/10.1145/3410699.3413797,"1,695"
https://doi.org/10.1145/3290605.3300617,"1,695"
https://doi.org/10.1145/3372297.3417262,"1,695"
https://doi.org/10.1145/3372885.3373829,"1,695"
https://doi.org/10.1145/3555676,"1,695"
https://doi.org/10.1145/3384943.3409429,"1,695"
https://doi.org/10.1145/3184558.3192306,"1,695"
https://doi.org/10.1145/3384943.3409427,"1,695"
https://doi.org/10.1145/3274694.3274722,"1,695"
https://doi.org/10.1145/3384942.3406867,"1,695"
https://doi.org/10.1145/3410699.3413790,"1,695"
https://doi.org/10.1145/3477084.3484950,"1,695"
https://doi.org/10.1145/3384613.3384652,"1,695"
https://doi.org/10.1145/3131542.3131562,"1,695"
https://doi.org/10.1145/3308897.3308953,93
https://doi.org/10.1145/3561801.3561807,93
https://doi.org/10.1145/3466826.3466830,93
https://doi.org/10.1145/3384942.3406869,93
https://doi.org/10.1145/3384942.3406868,93
https://doi.org/10.1145/3475716.3475779,93
https://doi.org/10.1145/3384943.3409425,93
https://doi.org/10.1145/3327960.3332393,93
https://doi.org/10.1145/3505263,93
https://doi.org/10.1145/3211933.3211947,93
https://doi.org/10.1145/3319535.3354219,93
https://doi.org/10.1145/3211933.3211943,93
https://doi.org/10.1145/3538914,93
https://doi.org/10.1145/3538912,93
https://doi.org/10.1145/3538913,93
https://doi.org/10.1145/3344284,93
https://doi.org/10.1145/3340422.3343640,93
https://doi.org/10.1145/3538915,93
https://doi.org/10.1145/3344280,93
https://doi.org/10.1145/3538916,93
https://doi.org/10.1145/3487552.3487811,93
https://doi.org/10.1145/3341105.3373901,93
https://doi.org/10.1145/3393691.3394213,93
https://doi.org/10.1145/3281411.3281415,93
https://doi.org/10.1145/3491051,93
https://doi.org/10.1145/3297156.3297239,93
https://doi.org/10.1145/3419635.3419680,93
https://doi.org/10.1145/3360774.3360794,93
https://doi.org/10.1145/3508072.3508225,93
https://doi.org/10.1145/3341301.3359636,93
https://doi.org/10.1145/3339252.3339279,93
https://doi.org/10.1145/3463274.3463352,93
https://doi.org/10.1145/3410220.3456282,93
https://doi.org/10.1145/3487552.3487814,93
https://doi.org/10.1145/3422337.3447823,93
https://doi.org/10.1145/3343147.3343171,93
https://doi.org/10.1145/3385412.3386022,93
https://doi.org/10.1145/3338466.3358925,93
https://doi.org/10.1145/3461778.3462071,93
https://doi.org/10.1145/3230833.3232824,93
https://doi.org/10.1145/3394486.3409555,93
https://doi.org/10.1145/3466826.3466832,93
https://doi.org/10.1145/3373722.3373784,93
https://doi.org/10.1145/3035918.3064033,93
https://doi.org/10.1145/3460468,93
https://doi.org/10.1145/3258701,93
https://doi.org/10.1145/3317614.3317629,93
https://doi.org/10.1145/3320269.3405436,101
https://doi.org/10.1145/3366611.3368144,101
https://doi.org/10.1145/3422337.3447832,101
https://doi.org/10.1145/3488663.3493689,101
https://doi.org/10.1145/3568314,101
https://doi.org/10.1145/3318041.3355458,101
https://doi.org/10.1145/3317614.3317629,101
https://doi.org/10.1145/3297280.3297323,101
https://doi.org/10.1145/3297280.3297318,101
https://doi.org/10.1145/3487553.3524201,101
https://doi.org/10.1145/3428335,101
https://doi.org/10.1145/3487553.3524882,101
https://doi.org/10.1145/3444370.3444594,101
https://doi.org/10.1145/3477314.3507056,101
https://doi.org/10.1145/3319535.3345663,101
https://doi.org/10.1145/2976749.2978399,101
https://doi.org/10.1145/3461011,101
https://doi.org/10.1145/3450614.3464470,101
https://doi.org/10.1145/3219166.3277546,101
https://doi.org/10.1145/3485730.3485936,101
https://doi.org/10.1145/3313831.3376364,101
https://doi.org/10.1145/3479722.3480986,101
https://doi.org/10.1145/3210240.3226062,101
https://doi.org/10.1145/3503181.3503196,101
https://doi.org/10.1145/3466826.3466835,101
https://doi.org/10.1145/3374136,101
https://doi.org/10.1145/3402443,101
https://doi.org/10.1145/3561801.3561806,101
https://doi.org/10.1145/3144730.3144733,101
https://doi.org/10.1145/3419614.3423258,101
https://doi.org/10.1145/3477132.3483564,101
https://doi.org/10.1145/3532857,101
https://doi.org/10.1145/3366624.3368160,101
https://doi.org/10.1145/3461778.3462047,101
https://doi.org/10.1145/3392097,101
https://doi.org/10.1145/3399871.3399899,101
https://doi.org/10.1145/3305160.3305161,101
https://doi.org/10.1145/3477084.3484953,101
https://doi.org/10.1145/3243157.3243165,101
https://doi.org/10.1145/3491087.3493681,101
https://doi.org/10.1145/3323679.3326533,101
https://doi.org/10.1145/3243734.3243812,101
https://doi.org/10.1145/3567593,101
https://doi.org/10.1145/3409934.3409939,101
https://doi.org/10.1145/3427228.3427249,101
https://doi.org/10.1145/3293611.3338023,101
https://doi.org/10.1145/3485832.3488015,101
https://doi.org/10.1145/3465084.3467930,101
https://doi.org/10.1145/2976749.2976754,101
https://doi.org/10.1145/2976749.2976754,791
https://doi.org/10.1145/3180465.3180470,791
https://doi.org/10.1145/3293611.3331591,791
https://doi.org/10.1145/3345838.3356003,791
https://doi.org/10.1145/3387940.3391499,791
https://doi.org/10.1145/3331076.3331108,791
https://doi.org/10.1145/3366611.3368142,791
https://doi.org/10.1145/3366626.3368128,791
https://doi.org/10.1145/3308558.3313454,791
https://doi.org/10.1145/3508072.3508199,791
https://doi.org/10.1145/3538393.3544932,791
https://doi.org/10.1145/3488932.3517390,791
https://doi.org/10.1145/3407023.3407026,791
https://doi.org/10.1145/3326285.3329076,791
https://doi.org/10.1145/3209280.3229120,791
https://doi.org/10.1145/3447568.3448537,791
https://doi.org/10.1145/3369740.3373803,791
https://doi.org/10.1145/3356464.3358747,791
https://doi.org/10.1145/3463677.3463720,791
https://doi.org/10.1145/3490486.3538337,791
https://doi.org/10.1145/3460120.3484554,791
https://doi.org/10.1145/3378539.3393859,791
https://doi.org/10.1145/3366030.3366108,791
https://doi.org/10.1145/3429629,791
https://doi.org/10.1145/3401335.3401356,791
https://doi.org/10.1145/3319535.3354203,791
https://doi.org/10.1145/3401025.3401737,791
https://doi.org/10.1145/3324884.3415298,791
https://doi.org/10.1145/3532869,791
https://doi.org/10.1145/3489048.3522636,791
https://doi.org/10.1145/3357236.3395583,791
https://doi.org/10.1145/2976749.2976755,791
https://doi.org/10.1145/3403711,791
https://doi.org/10.1145/3511095.3532574,791
https://doi.org/10.1145/3533271.3561793,791
https://doi.org/10.1145/3359211,791
https://doi.org/10.1145/3274439,791
https://doi.org/10.1145/3299819.3299830,791
https://doi.org/10.1145/3527049.3527072,791
https://doi.org/10.1145/3328526.3329566,791
https://doi.org/10.1145/3464967.3488590,791
https://doi.org/10.1145/3308560.3317077,791
https://doi.org/10.1145/3080546.3080550,791
https://doi.org/10.1145/3460120.3484803,791
https://doi.org/10.1145/3530799,791
https://doi.org/10.1145/3428277,791
https://doi.org/10.1145/3321408.3321609,791
https://doi.org/10.1145/3437992.3439934,791
https://doi.org/10.1145/3491101.3519694,630
https://doi.org/10.1145/3437992.3439934,630
https://doi.org/10.1145/3372297.3423367,630
https://doi.org/10.1145/3485875,630
https://doi.org/10.1145/3019612.3019657,630
https://doi.org/10.1145/3070617.3070631,630
https://doi.org/10.1145/3551690.3551702,630
https://doi.org/10.1145/3361525.3361536,630
https://doi.org/10.1145/3241539.3267720,630
https://doi.org/10.1145/3372297.3423364,630
https://doi.org/10.1145/3214701.3214704,630
https://doi.org/10.1145/3378539.3393849,630
https://doi.org/10.1145/3184558.3191554,630
https://doi.org/10.1145/3398071,630
https://doi.org/10.1145/3558779,630
https://doi.org/10.1145/3243734.3243856,630
https://doi.org/10.1145/3510003.3510077,630
https://doi.org/10.1145/3343147.3343154,630
https://doi.org/10.1145/3452446.3452542,630
https://doi.org/10.1145/3512676.3512681,630
https://doi.org/10.1145/3524610.3529157,630
https://doi.org/10.1145/3474944.3474957,630
https://doi.org/10.1145/3211933.3211953,630
https://doi.org/10.1145/3025453.3025886,630
https://doi.org/10.1145/3430279.3430287,630
https://doi.org/10.1145/3489048.3522638,630
https://doi.org/10.1145/3430279.3430284,630
https://doi.org/10.1145/3503928.3503932,630
https://doi.org/10.1145/3372297.3423361,630
https://doi.org/10.1145/3341105.3373891,630
https://doi.org/10.1145/3341105.3373957,630
https://doi.org/10.1145/3488932.3524128,630
https://doi.org/10.1145/3170427.3188610,630
https://doi.org/10.1145/3338498.3358639,630
https://doi.org/10.1145/3243734.3243857,630
https://doi.org/10.1145/3190508.3190538,630
https://doi.org/10.1145/3485730.3485945,630
https://doi.org/10.14778/3137765.3137830,630
https://doi.org/10.1145/3489048.3522651,630
https://doi.org/10.1145/3453953.3453966,630
https://doi.org/10.1145/3465456.3467591,630
https://doi.org/10.1145/3419614.3423263,630
https://doi.org/10.1145/3123024.3123157,630
https://doi.org/10.1145/3460120.3484801,630
https://doi.org/10.1145/3508031,630
https://doi.org/10.1145/3501810,630
https://doi.org/10.1145/3533271.3561787,630
https://doi.org/10.1145/3460120.3484784,630
https://doi.org/10.1145/3243734.3243737,"1,339"
https://doi.org/10.1145/3532724.3535616,"1,339"
https://doi.org/10.1145/3376897.3379161,"1,339"
https://doi.org/10.1145/3318041.3355470,"1,339"
https://doi.org/10.1145/3321705.3331010,"1,339"
https://doi.org/10.1145/3419614.3423256,"1,339"
https://doi.org/10.1145/3041021.3053895,"1,339"
https://doi.org/10.1145/3423211.3425669,"1,339"
https://doi.org/10.1145/3290605.3300609,"1,339"
https://doi.org/10.1145/3465456.3467636,"1,339"
https://doi.org/10.1145/3427796.3433933,"1,339"
https://doi.org/10.1145/3531327,"1,339"
https://doi.org/10.1145/3437992.3439924,"1,339"
https://doi.org/10.1145/3488245,"1,339"
https://doi.org/10.14778/3342263.3342636,"1,339"
https://doi.org/10.1145/3564532,"1,339"
https://doi.org/10.1145/3445790,"1,339"
https://doi.org/10.1145/3329007.3329009,"1,339"
https://doi.org/10.1145/3519941.3535064,"1,339"
https://doi.org/10.1145/3284764.3284766,"1,339"
https://doi.org/10.1145/3308560.3317076,"1,339"
https://doi.org/10.1145/3284764.3284765,"1,339"
https://doi.org/10.1145/3542954.3543006,"1,339"
https://doi.org/10.1145/3293882.3338999,"1,339"
https://doi.org/10.1145/3485730.3492901,"1,339"
https://doi.org/10.1145/3311350.3347178,"1,339"
https://doi.org/10.1145/3538226,"1,339"
https://doi.org/10.1145/3377713.3377742,"1,339"
https://doi.org/10.1145/3151759.3151801,"1,339"
https://doi.org/10.1145/3196494.3196512,"1,339"
https://doi.org/10.1145/3288599.3299723,"1,339"
https://doi.org/10.1145/3503921.3503923,"1,339"
https://doi.org/10.1145/3479722.3480994,"1,339"
https://doi.org/10.14778/3415478.3415540,"1,339"
https://doi.org/10.1145/3409073.3409078,"1,339"
https://doi.org/10.1145/3460120.3484561,"1,339"
https://doi.org/10.1145/3506800,"1,339"
https://doi.org/10.1145/3482632.3484083,"1,339"
https://doi.org/10.1145/3284764.3284768,"1,339"
https://doi.org/10.1145/3485188,"1,339"
https://doi.org/10.1145/3343147.3343161,"1,339"
https://doi.org/10.1145/3312614.3312629,"1,339"
https://doi.org/10.1145/3523181.3523191,"1,339"
https://doi.org/10.1145/3419614.3423254,"1,339"
https://doi.org/10.1145/3320269.3384756,"1,339"
https://doi.org/10.14778/3538598.3538609,"1,339"
https://doi.org/10.1145/3319535.3363263,"1,339"
https://doi.org/10.1145/3318041.3355461,335
https://doi.org/10.1145/3508072.3508226,335
https://doi.org/10.1145/3523181.3523193,335
https://doi.org/10.1145/3152434.3152449,335
https://doi.org/10.1145/3366424.3385758,335
https://doi.org/10.1145/3453483.3454112,335
https://doi.org/10.1145/3412341,335
https://doi.org/10.1145/3484399.3484402,335
https://doi.org/10.1145/3472634.3474064,335
https://doi.org/10.1145/3486622.3493989,335
https://doi.org/10.1145/2976749.2978326,335
https://doi.org/10.1145/3410220.3460105,335
https://doi.org/10.1145/3443467.3443923,335
https://doi.org/10.1145/3426746.3434052,335
https://doi.org/10.1145/3274694.3274750,335
https://doi.org/10.1145/3460120.3484568,335
https://doi.org/10.1145/3410048.3410095,335
https://doi.org/10.1145/3560263,335
https://doi.org/10.1145/3243734.3243795,335
https://doi.org/10.1145/3284028.3284036,335
https://doi.org/10.1145/3523286.3524547,335
https://doi.org/10.1145/3538969.3544464,335
https://doi.org/10.1145/3372297.3417250,335
https://doi.org/10.1145/3318041.3355464,335
https://doi.org/10.1145/3465481.3469192,335
https://doi.org/10.1145/3462223.3485619,335
https://doi.org/10.1145/3460093,335
https://doi.org/10.1145/3537797.3537817,335
https://doi.org/10.1145/3419614.3423248,335
https://doi.org/10.1145/3324884.3418923,335
https://doi.org/10.1145/3324884.3418918,335
https://doi.org/10.1145/3488932.3523259,335
https://doi.org/10.1145/3278532.3278542,335
https://doi.org/10.1145/3491102.3517585,335
https://doi.org/10.1145/3481646.3481650,335
https://doi.org/10.1145/3395363.3404366,335
https://doi.org/10.1145/3437359.3465587,335
https://doi.org/10.1145/3078505.3078528,335
https://doi.org/10.1145/3477282.3477295,335
https://doi.org/10.1145/3321705.3329823,335
https://doi.org/10.1145/3545196.3545201,335
https://doi.org/10.1145/3479722.3480990,335
https://doi.org/10.1145/3465481.3465765,335
https://doi.org/10.14778/3229863.3236266,335
https://doi.org/10.1145/3423211.3425678,335
https://doi.org/10.1145/3524481.3527228,335
https://doi.org/10.1145/2699026.2699100,335
